Acquired,Ring
,
,Life Ring
,
,Life Ring +1
,Life Ring +2
,Life Ring +3
,Sun Princess Ring
,Estus Ring
,Ashen Estus Ring
,Chloranthy Ring
,Chloranthy ring +1
,Chloranthy ring +2
,Chloranthy ring +3
,Havels Ring
,Havels Ring + 1
,Havels Ring + 2
,Havels Ring + 3
,Ring of Favor
,Ring of Favor + 1
,Ring of Favor + 2
,Ring of Favor + 3
,Prisoners Chain
,Ring of Steel Protection
,Ring of Steel Protection + 1
,Ring of Steel Protection + 2
,Ring of Steel Protection + 3
,Magic Stoneplate Ring 
,Magic Stoneplate Ring +1
,Magic Stoneplate Ring + 2
,Flame Stoneplate Ring
,Flame Stoneplate Ring + 1
,Flame Stoneplate Ring + 2
,Thunder Stoneplate Ring
,Thunder Stoneplate Ring + 1
,Thunder Stoneplate Ring + 2
,Dark Stoneplate Ring
,Dark Stoneplate Ring + 1
,Dark Stoneplate Ring + 2
,Speckled Stoneplate Ring
,Speckled Stoneplate Ring + 1
,Bloodbite Ring
,Bloodbite Ring + 1
,Poisonbite Ring
,Poisonbite Ring + 1
,Cursebite Ring
,Fleshbite Ring
,Fleshbite Ring + 1
,Knight's Ring
,Hunter's Ring
,Scholar Ring
,Priestess Ring
,Covetous Gold Serpent Ring
,Covetous Gold Serpent Ring + 1
,Covetous Gold Serpent Ring + 2
,Covetous Gold Serpent Ring + 3
,Covetous Silver Serpent Ring
,Covetous Silver Serpent Ring + 1
,Covetous Silver Serpent Ring + 2
,Covetous Silver Serpent Ring + 3
,Saints Ring
,Deep Ring
,Darkmoon Ring
,Young Dragon Ring
,
,Bellowing Dragoncrest Ring
,Great Swamp Ring
,
,Witch's Ring
,Morne's Ring
,Ring of the Sun's First Born
,Lingering Dragoncrest Ring
,Lingering Dragoncrest Ring + 1
,Lingering Dragoncrest Ring + 2
,Sage's Ring
,Sage's Ring + 1
,Sage's Ring + 2
,Dusk Crown Ring
,Leo Ring
,Wolf Ring
,Wolf Ring +1
,Wolf Ring +2
,Wolf Ring +3
,Hawk Ring
,Hornet Ring
,Knight Slayer's Ring
,Ring of the Evil Eye
,Ring of the Evil Eye + 1
,Ring of the Evil Eye + 2
,Ring of the Evil Eye + 2
,Farron Ring
,Dragonscale Ring
,Horsehoof ring
,Wood Grain Ring
,Wood Grain Ring + 1
,Wood Grain Ring + 2
,Flynn's Ring
,Magic Clutch Ring
,Lightning Clutch Ring
,Fire Clutch Ring
,Dark Clutch Ring
,Red Tearstone Ring
,Blue Tearstone Ring
,Lloyd's Sword Ring
,Lloyd's Shield Ring
,Carthus Milkring
,Carthus Bloodring
,Pontiff's Right Eye
,Pontiff's Left Eye
,Aldrich's Ruby
,Aldrich's Sapphire
,Silvercat Ring
,Slumbering Dragoncrest Ring
,Obscuring Ring
,Untrue Dark Ring
,Untrue White Ring
,Reversal Ring
,Skull Ring
,Calamity Ring
,Ring of Sacrifice
,
,
120,